-- phpMyAdmin SQL Dump
-- version 5.1.1
-- https://www.phpmyadmin.net/
--
-- Host: 127.0.0.1
-- Generation Time: Sep 16, 2022 at 10:41 AM
-- Server version: 10.1.30-MariaDB
-- PHP Version: 8.0.9

SET SQL_MODE = "NO_AUTO_VALUE_ON_ZERO";
START TRANSACTION;
SET time_zone = "+00:00";


/*!40101 SET @OLD_CHARACTER_SET_CLIENT=@@CHARACTER_SET_CLIENT */;
/*!40101 SET @OLD_CHARACTER_SET_RESULTS=@@CHARACTER_SET_RESULTS */;
/*!40101 SET @OLD_COLLATION_CONNECTION=@@COLLATION_CONNECTION */;
/*!40101 SET NAMES utf8mb4 */;

--
-- Database: `movefast`
--

-- --------------------------------------------------------

--
-- Table structure for table `cities`
--

CREATE TABLE `cities` (
  `c_id` int(11) NOT NULL,
  `c_name` varchar(30) COLLATE utf8_unicode_ci NOT NULL,
  `c_lng` double NOT NULL,
  `c_lat` double NOT NULL,
  `c_other` text COLLATE utf8_unicode_ci NOT NULL
) ENGINE=InnoDB DEFAULT CHARSET=utf8 COLLATE=utf8_unicode_ci;

--
-- Dumping data for table `cities`
--

INSERT INTO `cities` (`c_id`, `c_name`, `c_lng`, `c_lat`, `c_other`) VALUES
(1, 'Colombo', 6.9214098, 79.8453751, 'Pettah\r\nColombo Fort'),
(2, 'Technical Junction Maradana', 6.932449978506022, 79.86063780572573, ''),
(3, 'DSL Roundabout', 6.934090443590553, 79.8651903797076, ''),
(4, 'Maligawatte Police', 6.934815971767386, 79.8690812666964, ''),
(5, 'Maligawatta', 6.9361677153865005, 79.87291648806796, ''),
(6, 'Kettarama', 6.937853592447236, 79.87440569644801, ''),
(7, 'Orion City Bus Stop', 6.941291142900494, 79.87822051776222, ''),
(8, 'Orugodawatta', 6.942435299924512, 79.87828681819443, ''),
(9, 'New Kelani Bridge', 6.952778150628034, 79.88073483189882, ''),
(10, 'Manelgama', 6.967863250393757, 79.90420451422963, ''),
(11, 'Bulugaha Junction', 6.967286999906565, 79.90656045772512, ''),
(12, 'Tyre Junction', 6.969700360502181, 79.91323237142713, ''),
(13, 'Kelani Campus', 6.972325405291665, 79.9170428624357, ''),
(14, 'Dasa Bus Stop', 6.973390943483157, 79.91939242826265, ''),
(15, 'Dalugama', 6.974117766151699, 79.9219837042402, ''),
(16, 'Kiribathgoda Junction', 6.976368792303741, 79.92526812004668, ''),
(17, 'Kiribathgoda', 6.980426257254652, 79.92925989376249, ''),
(18, 'YMBA Bus Stop', 6.980962545629827, 79.92973265052305, ''),
(19, 'Gala Junction', 6.984286108629516, 79.93302062079562, ''),
(20, 'Kelaniya President\'s College', 6.990015847570628, 79.93818184552717, ''),
(21, 'Mahara Junction', 6.991331842954487, 79.94075179415476, ''),
(22, '9th Mile Post', 6.9946553322419325, 79.94525542486781, ''),
(23, 'Kadawatha Police', 7.001238734795514, 79.9502175940941, ''),
(24, 'Kadawatha', 7.002692292397048, 79.95302214388413, ''),
(25, 'Gonahena Junction', 7.014809301772611, 79.96903965768266, ''),
(26, 'Jayanthi Place Bus Stop', 7.024802604336306, 79.97795704037384, ''),
(27, 'Indigahamula Junction', 7.027468037807746, 79.98095719808722, ''),
(28, 'Kirillawala', 7.0349356175062745, 79.99050899093639, ''),
(29, '14 Junction', 7.041197794466436, 79.99268630900318, ''),
(30, 'Imbulgoda Junction', 7.049500055204851, 80.00136332288453, ''),
(31, 'Balummahara', 7.067361580667116, 80.01252669340151, ''),
(32, 'Kandy', 7.291559802213533, 80.63367730878745, 'Kandy-Colombo Intercity Bus Stop'),
(33, 'Kegalle', 7.253427383374109, 80.34467871675879, ''),
(34, 'Mawanella', 7.252373639813879, 80.44691422382725, ''),
(35, 'Matara', 5.945178366882915, 80.54976468360717, ''),
(36, 'Galle', 6.032966633089439, 80.21582371203182, ''),
(37, 'Galadari Hotel', 6.931538252277045, 79.84507186304137, ''),
(38, 'Galle Face Roundabout', 6.930716846555296, 79.84228325989005, ''),
(39, 'Ministry of Defence', 6.9296975188774335, 79.84273576114111, ''),
(40, 'Galle Face', 6.922093753992301, 79.84616262616154, ''),
(41, 'Crescat', 6.917479442588301, 79.84774174246911, ''),
(42, 'Temple Trees Bus Stop', 6.91332194230794, 79.84910422387713, ''),
(43, 'Kollupitiya', 6.911997166351036, 79.85077817532374, ''),
(44, 'Liberty', 6.909938150215065, 79.85228860946371, ''),
(45, 'Bambalapitiya', 6.893683893625614, 79.85297269981304, ''),
(46, 'Wellawatte', 6.872742820176183, 79.8617924548959, ''),
(47, 'Dehiwala', 6.850438617366434, 79.86612377838352, ''),
(48, 'Golumadama', 6.810742790915992, 79.88256152132809, ''),
(49, 'Angulana', 6.80412833648627, 79.88710800394381, ''),
(50, 'Katubedda', 6.797588792115135, 79.88901143372931, ''),
(51, 'Rawatawatta', 6.7894920009862, 79.88569911720195, ''),
(52, 'Moratuwa', 6.78812509138539, 79.88515110870216, ''),
(53, 'Koralawalla', 6.759836473756228, 79.88596117649655, ''),
(54, 'Egoda Uyana', 6.7432577139763765, 79.8922058160153, ''),
(55, 'Panadura', 6.706792793136907, 79.908883883851, ''),
(58, 'Regal Cinema', 6.931356628248929, 79.84710755300297, ''),
(59, 'Air Force HQ', 6.926870155669721, 79.85131361508556, ''),
(61, 'Nawaloka', 6.922662399082038, 79.85333416345082, ''),
(62, 'Staple Street', 6.921372586839368, 79.85592601399198, ''),
(63, 'Hyde Park', 6.919688059319243, 79.85946148778888, ''),
(64, 'Ibbanwala', 6.918798191224903, 79.86141082887758, ''),
(65, 'Town Hall', 6.9165757704208835, 79.86323971794096, ''),
(66, 'Viharamahadevi Park', 6.915763353156989, 79.86172314410672, ''),
(67, 'Colombo Public Library', 6.912853050241707, 79.85805336257026, ''),
(68, 'Glass House', 6.909699266477223, 79.8598070105748, ''),
(69, 'Nelum Pokuna', 6.910202006807786, 79.8635663414583, ''),
(70, 'Colombo Campus', 6.902662365923079, 79.86221810831394, ''),
(71, 'Thummulla', 6.898760282614152, 79.86071438781292, ''),
(72, 'Police Park', 6.894370499532225, 79.86163236853564, ''),
(73, 'Thimbirigasyaya', 6.891275574614957, 79.86334909968336, ''),
(74, 'Isipathana', 6.887409926210449, 79.86469786038646, ''),
(75, 'Lumbini', 6.884418919042375, 79.86774030785834, ''),
(76, 'Havelock City', 6.882905603194577, 79.86901449813307, ''),
(77, 'Kirulapone', 6.878762050731127, 79.87351253719186, 'Kirulapana'),
(78, 'School Avenue', 6.877786768301421, 79.87864639837328, ''),
(79, 'Anula Vidyalaya', 6.87228053925423, 79.8838866736283, ''),
(80, 'Nugegoda', 6.869208158760011, 79.89010208135714, ''),
(81, 'Gamsabha Junction', 6.865295765636712, 79.89633031925081, ''),
(82, 'Delkanda', 6.8632009714874, 79.90096073345227, ''),
(83, 'Wijerama', 6.858550877900593, 79.90783105875379, ''),
(84, 'Navinna', 6.855061155094183, 79.9135618734548, ''),
(85, 'Wattegedara', 6.851431881060137, 79.92078890712807, ''),
(86, 'Amity Maharagama', 6.849336748876665, 79.92411703083937, ''),
(87, 'Maharagama', 6.84813516515418, 79.92553433016334, ''),
(88, 'Pannipitiya', 6.846439540237603, 79.94857391338319, ''),
(89, 'Moraketiya Junction', 6.845874576409256, 79.95221607382051, ''),
(90, 'Mahalwarawa Junction', 6.843704352700369, 79.95758370518004, ''),
(91, 'Kottawa', 6.841723744208983, 79.96391917890499, ''),
(92, 'Makumbura', 6.8394222055897815, 79.97739898233777, ''),
(93, 'Galawilawatta', 6.839785415602046, 79.9918120923696, ''),
(94, 'Homagama', 6.841356751622983, 80.0020200037129, ''),
(99, 'Kendalanda', 6.844898684173136, 80.00969336711691, ''),
(100, 'Pitipana', 6.844722677147599, 80.01506208667577, ''),
(101, 'Halgahadeniya', 6.835934663729752, 80.02386129732166, ''),
(102, 'Podi Pansala', 6.831423757853611, 80.02419653624843, 'Uththararamaya Temple'),
(103, 'Gabadawatta', 6.844417717166766, 80.01870214859959, ''),
(104, 'Meddekumbura', 6.830003256578458, 80.02385038445681, ''),
(105, 'Temple Junction', 6.828259799872526, 80.02653728730301, ''),
(106, 'School Junction', 6.823866186048228, 80.030593304517, ''),
(107, 'Technology Faculty USJP', 6.823866186048228, 80.030593304517, ''),
(108, 'NSBM Green University', 6.823866186048228, 80.030593304517, ''),
(109, 'Kahatagahalanda', 6.8218520434342045, 80.03128719934968, ''),
(110, 'Ridimudala', 6.819635792617142, 80.0313786506649, ''),
(111, 'Walekade', 6.817520534567172, 80.03427259698383, ''),
(112, 'Delgahakanda', 6.815056823126587, 80.03519178120288, ''),
(113, 'Dakshinarama', 6.811499131095996, 80.0376808196682, ''),
(114, 'Suwapudugama', 6.810764053397063, 80.04081753940027, ''),
(115, 'Thalagala', 6.798133455916172, 80.04340373054927, ''),
(116, 'Beruketiya', 6.796980828639061, 80.050840184383, ''),
(117, 'Kithulakanda Rd', 6.787841141655236, 80.05534338557749, ''),
(118, 'Moragahahena', 6.785326406305061, 80.0552686113545, '');

-- --------------------------------------------------------

--
-- Table structure for table `routes`
--

CREATE TABLE `routes` (
  `r_id` int(11) NOT NULL,
  `r_num` varchar(8) COLLATE utf8_unicode_ci NOT NULL,
  `r_subnum` varchar(10) COLLATE utf8_unicode_ci NOT NULL,
  `r_from` varchar(30) COLLATE utf8_unicode_ci NOT NULL,
  `r_to` varchar(30) COLLATE utf8_unicode_ci NOT NULL,
  `r_dur` double NOT NULL
) ENGINE=InnoDB DEFAULT CHARSET=utf8 COLLATE=utf8_unicode_ci;

--
-- Dumping data for table `routes`
--

INSERT INTO `routes` (`r_id`, `r_num`, `r_subnum`, `r_from`, `r_to`, `r_dur`) VALUES
(1, '1', '0', 'Colombo', 'Kandy', 115000),
(2, '1', '-1', 'Colombo', 'Kegalle', 77500),
(3, '1', '-2', 'Colombo', 'Mawanella', 94100),
(4, '2', '0', 'Colombo', 'Matara', 163000),
(5, '2', '-1', 'Colombo', 'Galle', 116000),
(7, '138', '0', 'Colombo', 'Homagama', 25200),
(8, '129', '0', 'Kottawa', 'Moragahahena', 16000);

-- --------------------------------------------------------

--
-- Table structure for table `stops`
--

CREATE TABLE `stops` (
  `s_id` int(11) NOT NULL,
  `s_route` int(11) NOT NULL,
  `s_city` int(11) NOT NULL,
  `s_dist` double NOT NULL,
  `s_time` int(11) NOT NULL,
  `s_seq` int(11) NOT NULL
) ENGINE=InnoDB DEFAULT CHARSET=utf8 COLLATE=utf8_unicode_ci;

--
-- Dumping data for table `stops`
--

INSERT INTO `stops` (`s_id`, `s_route`, `s_city`, `s_dist`, `s_time`, `s_seq`) VALUES
(1, 1, 1, 0, 0, 1),
(2, 1, 2, 850, 9, 2),
(3, 1, 3, 1600, 12, 3),
(4, 1, 4, 1800, 15, 4),
(5, 1, 5, 2400, 20, 5),
(6, 1, 6, 2600, 22, 6),
(7, 1, 7, 3200, 25, 7),
(8, 1, 8, 3500, 27, 8),
(9, 1, 9, 4600, 16, 9),
(10, 1, 10, 8100, 25, 10),
(11, 1, 11, 8400, 26, 11),
(12, 1, 12, 9200, 36, 12),
(13, 1, 13, 9250, 30, 13),
(14, 1, 14, 9500, 30, 14),
(15, 1, 15, 9800, 30, 15),
(16, 1, 16, 10700, 31, 16),
(17, 1, 17, 11200, 44, 17),
(18, 1, 18, 11200, 44, 18),
(19, 1, 19, 11500, 45, 19),
(20, 1, 20, 13700, 46, 20),
(21, 1, 21, 13000, 44, 21),
(22, 1, 22, 13700, 47, 22),
(23, 1, 32, 115000, 240, 1000),
(24, 2, 1, 0, 0, 1),
(25, 2, 2, 850, 9, 2),
(26, 2, 3, 1600, 12, 3),
(27, 2, 4, 1800, 15, 4),
(28, 2, 5, 2400, 20, 5),
(29, 2, 6, 2600, 22, 6),
(30, 2, 7, 3200, 25, 7),
(31, 2, 8, 3500, 27, 8),
(32, 2, 9, 4600, 16, 9),
(33, 2, 10, 8100, 25, 10),
(34, 2, 11, 8400, 26, 11),
(35, 2, 12, 9200, 36, 12),
(36, 2, 13, 9250, 30, 13),
(37, 2, 14, 9500, 30, 14),
(38, 2, 15, 9800, 30, 15),
(39, 2, 16, 10700, 31, 16),
(40, 2, 17, 11200, 44, 17),
(41, 2, 18, 11200, 44, 18),
(42, 2, 19, 11500, 45, 19),
(43, 2, 20, 13700, 46, 20),
(44, 2, 33, 77500, 150, 1000),
(45, 3, 1, 0, 0, 1),
(46, 3, 2, 850, 9, 2),
(47, 3, 3, 1600, 12, 3),
(48, 3, 4, 1800, 15, 4),
(49, 3, 5, 2400, 20, 5),
(50, 3, 6, 2600, 22, 6),
(51, 3, 7, 3200, 25, 7),
(52, 3, 8, 3500, 27, 8),
(53, 3, 9, 4600, 16, 9),
(54, 3, 10, 8100, 25, 10),
(55, 3, 11, 8400, 26, 11),
(56, 3, 12, 9200, 36, 12),
(57, 3, 13, 9250, 30, 13),
(58, 3, 14, 9500, 30, 14),
(59, 3, 15, 9800, 30, 15),
(60, 3, 16, 10700, 31, 16),
(61, 3, 17, 11200, 44, 17),
(62, 3, 18, 11200, 44, 18),
(63, 3, 19, 11500, 45, 19),
(64, 3, 20, 13700, 46, 20),
(65, 3, 21, 13000, 44, 21),
(66, 3, 34, 13700, 170, 1000),
(67, 3, 33, 77500, 150, 100),
(68, 4, 1, 0, 0, 0),
(69, 4, 37, 1200, 0, 0),
(70, 4, 38, 1600, 0, 0),
(71, 4, 39, 1700, 0, 0),
(72, 4, 40, 2900, 0, 0),
(73, 4, 41, 3200, 0, 0),
(74, 4, 42, 3700, 0, 0),
(75, 4, 43, 4000, 0, 0),
(76, 4, 44, 4000, 0, 0),
(77, 4, 45, 6200, 0, 0),
(78, 4, 46, 8800, 0, 0),
(79, 4, 47, 12100, 0, 0),
(80, 4, 48, 17000, 0, 0),
(81, 4, 49, 17900, 0, 0),
(82, 4, 50, 18700, 0, 0),
(83, 4, 51, 19600, 0, 0),
(84, 4, 52, 20000, 0, 0),
(85, 4, 53, 23100, 0, 0),
(86, 4, 54, 25000, 0, 0),
(87, 4, 55, 30000, 0, 0),
(88, 4, 35, 163000, 0, 0),
(89, 4, 36, 116000, 0, 0),
(90, 5, 1, 0, 0, 0),
(91, 5, 37, 1200, 0, 0),
(92, 5, 38, 1600, 0, 0),
(93, 5, 39, 1700, 0, 0),
(94, 5, 40, 2900, 0, 0),
(95, 5, 41, 3200, 0, 0),
(96, 5, 42, 3700, 0, 0),
(97, 5, 43, 4000, 0, 0),
(98, 5, 44, 4000, 0, 0),
(99, 5, 45, 6200, 0, 0),
(100, 5, 46, 8800, 0, 0),
(101, 5, 47, 12100, 0, 0),
(102, 5, 48, 17000, 0, 0),
(103, 5, 49, 17900, 0, 0),
(104, 5, 50, 18700, 0, 0),
(105, 5, 51, 19600, 0, 0),
(106, 5, 52, 20000, 0, 0),
(107, 5, 53, 23100, 0, 0),
(108, 5, 54, 25000, 0, 0),
(109, 5, 55, 30000, 0, 0),
(110, 5, 36, 116000, 0, 0),
(114, 7, 1, 0, 0, 0),
(127, 7, 58, 600, 1, 0),
(128, 7, 59, 1300, 3, 0),
(130, 7, 61, 1900, 5, 0),
(131, 7, 62, 2200, 6, 0),
(132, 7, 63, 2600, 7, 0),
(133, 7, 64, 2900, 8, 0),
(134, 7, 65, 3300, 10, 0),
(135, 7, 66, 3500, 10, 0),
(136, 7, 67, 4100, 11, 0),
(137, 7, 68, 4500, 12, 0),
(138, 7, 69, 5000, 13, 0),
(139, 7, 70, 5900, 15, 0),
(140, 7, 71, 6300, 16, 0),
(141, 7, 72, 6900, 17, 0),
(142, 7, 73, 7300, 18, 0),
(143, 7, 74, 7800, 19, 0),
(144, 7, 75, 8200, 20, 0),
(145, 7, 76, 8500, 21, 0),
(146, 7, 77, 9200, 23, 0),
(147, 7, 78, 9800, 25, 0),
(148, 7, 79, 10700, 27, 0),
(149, 7, 80, 11500, 28, 0),
(150, 7, 81, 12300, 30, 0),
(151, 7, 82, 12900, 32, 0),
(152, 7, 83, 13800, 34, 0),
(153, 7, 84, 14600, 36, 0),
(154, 7, 85, 15500, 38, 0),
(155, 7, 86, 16000, 39, 0),
(156, 7, 87, 16200, 40, 0),
(157, 7, 88, 18900, 46, 0),
(158, 7, 89, 19300, 48, 0),
(159, 7, 90, 19900, 49, 0),
(160, 7, 91, 20700, 50, 0),
(161, 7, 92, 22200, 54, 0),
(162, 7, 93, 23900, 57, 0),
(163, 7, 94, 25100, 60, 0),
(164, 8, 91, 0, 0, 0),
(165, 8, 92, 1800, 4, 0),
(166, 8, 93, 3300, 6, 0),
(167, 8, 94, 5100, 9, 0),
(168, 8, 99, 5500, 12, 0),
(169, 8, 100, 6100, 14, 0),
(170, 8, 101, 7700, 17, 0),
(171, 8, 102, 8200, 19, 0),
(172, 8, 103, 6500, 15, 0),
(173, 8, 104, 8400, 19, 0),
(174, 8, 105, 8700, 19, 0),
(175, 8, 106, 9400, 21, 0),
(176, 8, 107, 9400, 21, 0),
(177, 8, 108, 9400, 21, 0),
(178, 8, 109, 9700, 21, 0),
(179, 8, 110, 9900, 22, 0),
(180, 8, 111, 10300, 23, 0),
(181, 8, 112, 10600, 23, 0),
(182, 8, 113, 11100, 24, 0),
(183, 8, 114, 11500, 25, 0),
(184, 8, 115, 13000, 27, 0),
(185, 8, 116, 13800, 29, 0),
(186, 8, 117, 15100, 31, 0),
(187, 8, 118, 15400, 31, 0);

--
-- Indexes for dumped tables
--

--
-- Indexes for table `cities`
--
ALTER TABLE `cities`
  ADD PRIMARY KEY (`c_id`),
  ADD UNIQUE KEY `NAMEINDEX` (`c_name`);

--
-- Indexes for table `routes`
--
ALTER TABLE `routes`
  ADD PRIMARY KEY (`r_id`);

--
-- Indexes for table `stops`
--
ALTER TABLE `stops`
  ADD PRIMARY KEY (`s_id`),
  ADD KEY `s_route` (`s_route`),
  ADD KEY `s_city` (`s_city`);

--
-- AUTO_INCREMENT for dumped tables
--

--
-- AUTO_INCREMENT for table `cities`
--
ALTER TABLE `cities`
  MODIFY `c_id` int(11) NOT NULL AUTO_INCREMENT, AUTO_INCREMENT=119;

--
-- AUTO_INCREMENT for table `routes`
--
ALTER TABLE `routes`
  MODIFY `r_id` int(11) NOT NULL AUTO_INCREMENT, AUTO_INCREMENT=9;

--
-- AUTO_INCREMENT for table `stops`
--
ALTER TABLE `stops`
  MODIFY `s_id` int(11) NOT NULL AUTO_INCREMENT, AUTO_INCREMENT=188;

--
-- Constraints for dumped tables
--

--
-- Constraints for table `stops`
--
ALTER TABLE `stops`
  ADD CONSTRAINT `stops_ibfk_1` FOREIGN KEY (`s_route`) REFERENCES `routes` (`r_id`),
  ADD CONSTRAINT `stops_ibfk_2` FOREIGN KEY (`s_city`) REFERENCES `cities` (`c_id`);
COMMIT;

/*!40101 SET CHARACTER_SET_CLIENT=@OLD_CHARACTER_SET_CLIENT */;
/*!40101 SET CHARACTER_SET_RESULTS=@OLD_CHARACTER_SET_RESULTS */;
/*!40101 SET COLLATION_CONNECTION=@OLD_COLLATION_CONNECTION */;
